URL,KEYWORD
testing,testing
http://www.bizpeer.co.kr/,testing
http://www.gratolab.com,testing
http://www.gratolab.com,testing
http://www.gratolab.com,testing
http://www.gratolab.com,testing
http://www.navimro.com,testing
http://www.navimro.com,test
http://www.gmarket.co.kr,test
http://www.gmarket.co.kr,test
http://www.bizpeer.co.kr/,testing
http://www.gratolab.com,testing
http://www.gratolab.com,testing
http://www.gratolab.com,testing
http://www.gratolab.com,testing
http://www.navimro.com,testing
http://www.navimro.com,test
http://www.gmarket.co.kr,test
http://www.gmarket.co.kr,test
http://www.bizpeer.co.kr/,testing
http://www.gratolab.com,testing
http://www.gratolab.com,testing
http://www.gratolab.com,testing
http://www.gratolab.com,testing
http://www.gratolab.com,testing
http://www.gratolab.com,testing
http://www.gratolab.com,testing
28,testing
29,testing
30,testing
31,testing
32,testing
33,testing
34,testing
35,testing
36,testing
37,testing
38,testing
39,testing
40,testing
41,testing
42,testing
43,testing
44,testing
45,testing
46,testing
47,testing
48,testing
49,testing
50,testing
51,testing
52,testing
53,testing
54,testing
55,testing
56,testing
57,testing
58,testing
59,testing
60,testing
www.palmido.co.kr,벚꽃축제
blog.naver.com/lotteconcerthall,벚꽃축제
www.DabangApp.com,다방
www.dabangcare.com,다방
www.changupmedia.com,빽다방
www.changupmedia.com,빽다방
www.changupmall.com,빽다방
http://stlight.co.kr,빛축제
http://stlight.co.kr,빛축제
blog.naver.com/raden000,빛축제
www.changupmedia.com,커피숍
http://www.changupmedia.com,커피숍
